id,"description","status"
1,"DESCRIPTION_UPDATE","ACTIVE"
2,"INCORRECT_NAME","ACTIVE"
3,"INCORRECT_AUTHOR","AWAITING"
4,"DESCRIPTION_UPDATE","ACTIVE"
5,"INCORRECT_NAME","ACTIVE"
6,"DESCRIPTION_UPDATE","CLOSED"
7,"INCORRECT_AUTHOR","CLOSED"
8,"INCORRECT_NAME","CLOSED"
9,"INCORRECT_AUTHOR","CLOSED"
10,"DESCRIPTION_UPDATE","CLOSED"
11,"INCORRECT_AUTHOR","AWAITING"
12,"INCORRECT_AUTHOR","AWAITING"
13,"INCORRECT_NAME","AWAITING"
14,"INCORRECT_NAME","ACTIVE"
15,"INCORRECT_AUTHOR","ACTIVE"
16,"INCORRECT_NAME","AWAITING"
17,"INCORRECT_AUTHOR","CLOSED"
18,"INCORRECT_AUTHOR","AWAITING"
19,"INCORRECT_NAME","AWAITING"
20,"INCORRECT_AUTHOR","CLOSED"
21,"INCORRECT_AUTHOR","CLOSED"
22,"INCORRECT_NAME","ACTIVE"
23,"INCORRECT_NAME","ACTIVE"
24,"INCORRECT_AUTHOR","AWAITING"
25,"INCORRECT_NAME","AWAITING"
26,"INCORRECT_NAME","CLOSED"
27,"INCORRECT_AUTHOR","AWAITING"
28,"DESCRIPTION_UPDATE","AWAITING"
29,"DESCRIPTION_UPDATE","CLOSED"
30,"INCORRECT_NAME","CLOSED"
31,"INCORRECT_NAME","CLOSED"
32,"DESCRIPTION_UPDATE","CLOSED"
33,"INCORRECT_NAME","ACTIVE"
34,"INCORRECT_AUTHOR","CLOSED"
35,"INCORRECT_NAME","AWAITING"
36,"INCORRECT_AUTHOR","CLOSED"
37,"INCORRECT_NAME","ACTIVE"
38,"INCORRECT_AUTHOR","CLOSED"
39,"INCORRECT_AUTHOR","AWAITING"
40,"INCORRECT_AUTHOR","CLOSED"
41,"INCORRECT_NAME","CLOSED"
42,"DESCRIPTION_UPDATE","CLOSED"
43,"INCORRECT_NAME","ACTIVE"
44,"DESCRIPTION_UPDATE","CLOSED"
45,"INCORRECT_NAME","ACTIVE"
46,"DESCRIPTION_UPDATE","AWAITING"
47,"INCORRECT_AUTHOR","CLOSED"
48,"INCORRECT_AUTHOR","AWAITING"
49,"DESCRIPTION_UPDATE","ACTIVE"
50,"INCORRECT_NAME","CLOSED"
51,"INCORRECT_AUTHOR","CLOSED"
52,"INCORRECT_NAME","AWAITING"
53,"DESCRIPTION_UPDATE","ACTIVE"
54,"INCORRECT_AUTHOR","AWAITING"
55,"DESCRIPTION_UPDATE","CLOSED"
56,"DESCRIPTION_UPDATE","ACTIVE"
57,"INCORRECT_NAME","ACTIVE"
58,"INCORRECT_AUTHOR","AWAITING"
59,"INCORRECT_NAME","CLOSED"
60,"DESCRIPTION_UPDATE","CLOSED"
61,"INCORRECT_AUTHOR","AWAITING"
62,"INCORRECT_AUTHOR","ACTIVE"
63,"DESCRIPTION_UPDATE","ACTIVE"
64,"INCORRECT_NAME","AWAITING"
65,"DESCRIPTION_UPDATE","CLOSED"
66,"DESCRIPTION_UPDATE","ACTIVE"
67,"INCORRECT_AUTHOR","AWAITING"
68,"INCORRECT_NAME","AWAITING"
69,"INCORRECT_AUTHOR","ACTIVE"
70,"INCORRECT_NAME","CLOSED"
71,"INCORRECT_AUTHOR","AWAITING"
72,"DESCRIPTION_UPDATE","ACTIVE"
73,"INCORRECT_NAME","AWAITING"
74,"INCORRECT_NAME","AWAITING"
75,"INCORRECT_NAME","ACTIVE"
76,"INCORRECT_NAME","CLOSED"
77,"INCORRECT_AUTHOR","ACTIVE"
78,"INCORRECT_AUTHOR","ACTIVE"
79,"INCORRECT_NAME","CLOSED"
80,"INCORRECT_AUTHOR","CLOSED"
81,"DESCRIPTION_UPDATE","ACTIVE"
82,"DESCRIPTION_UPDATE","ACTIVE"
83,"INCORRECT_NAME","CLOSED"
84,"DESCRIPTION_UPDATE","CLOSED"
85,"DESCRIPTION_UPDATE","CLOSED"
86,"DESCRIPTION_UPDATE","ACTIVE"
87,"DESCRIPTION_UPDATE","CLOSED"
88,"INCORRECT_NAME","CLOSED"
89,"INCORRECT_AUTHOR","ACTIVE"
90,"INCORRECT_NAME","AWAITING"
91,"INCORRECT_NAME","CLOSED"
92,"INCORRECT_NAME","CLOSED"
93,"INCORRECT_AUTHOR","CLOSED"
94,"INCORRECT_AUTHOR","ACTIVE"
95,"INCORRECT_NAME","ACTIVE"
96,"INCORRECT_AUTHOR","CLOSED"
97,"INCORRECT_AUTHOR","AWAITING"
98,"DESCRIPTION_UPDATE","AWAITING"
99,"DESCRIPTION_UPDATE","CLOSED"
100,"INCORRECT_NAME","ACTIVE"
